Time,Mois_beans,Mois_Maize,Mois_Onion,Mois_Rice,Temp_beans,Temp_Maize,Temp_Onion,Temp_Rice,Temp_Surr,Humid_beans,Humid_Maize,Humid_Onion,Humid_Surr,water_level
2023-07-18,34,34,34,39,18,18,18,18,18,92,92,92,80,2
2023-07-18,34,34,34,38,18,18,18,18,18,92,92,92,80,2
2023-07-18,35,35,35,39,18,18,18,18,18,92,92,92,80,2
2023-07-18,36,36,36,38,18,18,18,18,18,92,92,92,80,2
2023-07-18,37,37,37,37,18,18,18,18,18,92,92,92,80,2
2023-07-18,34,34,34,36,18,18,18,18,18,92,92,92,80,2
2023-07-18,34,34,34,39,18,18,18,18,18,92,92,92,80,2
2023-07-18,35,35,35,36,18,18,18,18,18,92,92,92,80,2
2023-07-18,35,35,35,37,18,18,18,18,17,92,92,92,80,2
2023-07-18,36,36,36,38,18,18,18,18,18,92,92,92,81,3
2023-07-18,35,35,35,36,18,18,18,18,18,92,92,92,81,3
2023-07-18,36,36,36,36,18,18,18,18,17,92,92,92,81,2
2023-07-18,35,35,35,35,18,18,18,17,17,92,92,92,82,3
2023-07-18,36,36,36,36,18,18,18,17,17,92,92,92,82,3
2023-07-18,35,35,35,36,17,18,17,17,17,92,92,92,81,2
2023-07-18,35,35,35,36,17,18,17,17,17,92,92,92,82,3
2023-07-18,36,36,36,36,17,18,17,17,17,92,92,92,81,3
2023-07-18,37,37,37,37,17,18,17,17,17,92,92,92,81,3
2023-07-18,36,36,36,36,18,18,18,17,17,92,92,92,82,2
2023-07-18,37,37,37,37,18,18,18,17,17,92,92,92,82,2
2023-07-18,37,37,37,36,17,18,17,17,17,92,92,92,82,2
2023-07-18,36,36,36,35,17,18,17,17,17,92,92,92,82,2
2023-07-18,37,37,37,37,17,18,17,17,17,92,92,92,82,2
2023-07-18,37,37,37,36,17,18,17,17,17,92,92,92,82,2
2023-07-19,37,37,37,35,17,18,17,17,17,92,92,92,82,2
2023-07-19,37,37,37,36,17,18,17,17,17,92,92,92,82,2
2023-07-19,37,37,37,34,17,18,17,17,17,92,92,92,82,2
2023-07-19,37,37,37,35,17,18,17,17,18,92,92,92,83,2
2023-07-19,37,37,37,36,17,18,17,17,17,92,92,92,82,2
2023-07-19,38,38,38,36,17,18,17,17,17,92,92,92,82,2
2023-07-19,38,38,38,36,17,18,17,17,18,92,92,92,83,2
2023-07-19,38,38,38,35,17,18,17,17,18,92,92,92,83,2
2023-07-19,39,39,39,36,17,18,17,17,18,92,92,92,83,2
2023-07-19,37,37,38,37,17,18,17,17,18,92,92,92,83,2
2023-07-19,36,36,36,37,17,18,17,17,18,92,92,92,83,2
2023-07-19,37,37,37,37,17,18,17,17,18,92,92,92,83,2
2023-07-19,37,38,37,38,18,18,18,18,18,92,92,92,83,2
2023-07-19,37,37,38,37,18,18,18,18,18,92,92,92,83,2
2023-07-19,38,36,38,37,18,18,18,17,18,92,92,92,83,2
2023-07-19,38,38,37,37,18,18,18,18,18,92,92,92,82,2
2023-07-19,37,36,37,38,18,18,18,18,18,92,92,92,82,2
2023-07-19,38,37,38,38,18,18,18,18,18,92,92,92,82,2
2023-07-19,36,36,38,37,18,18,18,18,18,92,92,92,82,2
2023-07-19,37,36,38,37,18,18,18,18,18,92,92,92,82,2
2023-07-19,36,38,36,36,18,18,18,18,18,92,92,92,82,2
2023-07-19,36,38,36,38,18,18,18,18,18,92,92,92,81,3
2023-07-19,36,37,37,37,18,18,18,18,18,92,92,92,81,3
2023-07-19,36,37,36,36,18,18,18,18,18,92,92,92,81,3
2023-07-20,37,38,37,37,18,18,18,18,18,92,92,92,81,2
2023-07-20,38,37,38,38,18,18,18,18,18,92,92,92,81,2
2023-07-20,38,37,38,37,18,18,18,18,18,92,92,92,81,2
2023-07-20,36,36,37,38,18,18,18,18,18,92,92,92,81,2
2023-07-20,38,36,37,36,18,18,18,18,18,92,92,92,81,2
2023-07-20,36,37,36,36,18,18,18,18,18,92,92,92,81,2
2023-07-20,36,36,36,37,18,18,18,18,18,92,92,92,81,2
2023-07-20,37,38,38,37,18,18,18,18,18,92,92,92,81,2
2023-07-20,37,36,37,37,18,18,18,18,18,92,92,92,81,2
2023-07-20,36,36,38,38,18,18,18,18,18,92,92,92,82,2
2023-07-20,37,37,37,37,18,18,18,18,18,92,92,92,82,2
2023-07-20,38,36,36,36,18,18,18,18,18,92,92,92,82,2
2023-07-20,38,37,38,37,18,18,18,18,18,92,92,92,82,2
2023-07-20,37,36,36,37,18,18,18,18,18,92,92,92,82,2
2023-07-20,38,37,38,37,18,18,18,18,18,92,92,92,82,2
2023-07-20,36,36,36,38,18,18,18,18,18,92,92,92,83,2
2023-07-20,38,38,36,36,18,18,18,18,18,92,92,92,83,2
2023-07-20,37,37,37,37,18,18,18,18,18,92,92,92,83,2
2023-07-20,38,38,36,38,18,18,18,18,18,92,92,92,82,2
2023-07-20,38,37,36,37,18,18,18,18,18,92,92,92,82,2
2023-07-20,38,36,37,36,18,18,18,18,18,92,92,92,82,2
2023-07-20,37,37,36,38,18,18,18,18,18,92,92,92,80,2
2023-07-20,36,36,38,38,18,18,18,18,18,92,92,92,80,2
2023-07-20,38,38,36,37,18,18,18,18,18,92,92,92,80,2
2023-07-21,38,38,36,38,18,18,18,18,18,92,92,92,80,2
2023-07-21,36,38,38,37,18,18,18,18,18,92,92,92,80,2
2023-07-21,38,37,38,38,18,18,18,18,18,92,92,92,79,2
2023-07-21,37,36,37,38,18,18,18,18,18,92,92,92,79,2
2023-07-21,38,38,37,36,18,18,18,18,18,92,92,92,79,2
2023-07-21,38,38,36,38,18,18,18,18,17,92,92,92,79,2
2023-07-21,37,38,36,37,18,18,18,18,18,92,92,92,80,2
2023-07-21,38,38,39,37,18,18,18,18,18,92,92,92,80,2
2023-07-21,96,90,96,98,18,18,18,17,17,92,92,92,80,2
2023-07-21,89,80,95,99,18,18,18,18,18,92,92,92,81,2
2023-07-21,79,85,95,98,18,18,18,18,18,92,92,92,81,2
2023-07-21,84,85,94,99,18,18,18,18,18,92,92,92,81,2
2023-07-21,96,89,94,98,18,18,18,18,17,92,92,92,81,2
2023-07-21,94,89,93,99,18,18,18,17,17,92,92,92,81,2
2023-07-21,94,89,93,97,18,18,18,17,17,92,92,92,81,2
2023-07-21,93,89,93,99,18,18,18,18,18,92,92,92,82,2
2023-07-21,95,91,90,98,18,18,18,18,17,92,92,92,82,2
2023-07-21,94,91,92,97,18,18,18,17,17,92,92,92,82,2
2023-07-21,94,90,92,97,17,18,17,17,17,92,92,92,82,2
2023-07-21,93,90,91,98,17,18,17,17,17,92,92,92,82,2
2023-07-21,93,90,91,99,17,18,17,17,17,92,92,92,82,2
2023-07-21,93,90,91,98,17,18,17,17,17,92,92,92,82,2
2023-07-21,93,90,91,97,17,18,17,17,17,92,92,92,82,2
2023-07-21,93,89,91,97,17,18,17,17,17,92,92,92,82,2
2023-07-22,93,89,91,98,17,18,17,17,18,92,92,92,82,2
2023-07-22,93,89,91,98,17,18,17,17,18,92,92,92,82,2
2023-07-22,93,89,91,99,17,18,17,17,17,92,92,92,82,2
2023-07-22,92,89,91,97,17,18,17,17,18,92,92,92,82,2
2023-07-22,92,89,91,97,17,18,17,17,18,92,92,92,82,2
2023-07-22,93,89,91,98,17,18,17,17,18,92,92,92,82,2
2023-07-22,93,89,91,97,17,18,17,17,18,92,92,92,82,4
2023-07-22,93,89,91,99,18,18,18,17,18,92,92,92,82,4
2023-07-22,93,89,91,98,18,18,18,17,18,92,92,92,82,4
2023-07-22,94,89,91,99,18,18,18,18,18,92,92,92,80,4
2023-07-22,93,89,91,98,18,18,18,18,18,92,92,92,80,4
2023-07-22,93,89,91,97,18,18,18,17,18,92,92,92,80,2
2023-07-22,93,89,91,99,18,18,18,18,18,92,92,92,81,3
2023-07-22,93,89,91,99,18,18,18,18,18,92,92,92,81,2
2023-07-22,93,89,91,99,18,18,18,18,18,92,92,92,81,2
2023-07-22,93,89,91,99,18,18,18,18,18,92,92,92,81,3
2023-07-22,93,88,90,99,18,18,18,18,18,92,92,92,81,2
2023-07-22,85,89,90,99,18,18,18,18,18,92,92,92,81,2
2023-07-22,85,89,91,98,18,18,18,18,18,92,92,92,82,3
2023-07-22,82,89,91,98,18,18,18,18,18,92,92,92,82,3
2023-07-22,82,89,90,97,18,18,18,18,18,92,92,92,82,3
2023-07-22,85,90,90,97,18,18,18,18,18,92,92,92,82,2
2023-07-22,83,89,89,97,18,18,18,18,18,92,92,92,82,2
2023-07-22,80,89,90,98,18,18,18,18,18,92,92,92,82,2
2023-07-23,76,90,90,97,18,18,18,18,18,92,92,93,83,4
2023-07-23,70,89,90,98,18,18,18,18,18,92,92,93,83,4
2023-07-23,68,89,90,99,18,18,18,18,18,92,92,93,83,4
2023-07-23,62,89,90,98,18,18,18,18,18,92,92,93,84,2
2023-07-23,98,89,90,99,18,18,18,18,18,92,92,93,83,2
2023-07-23,98,89,90,98,18,18,18,18,18,92,92,92,83,2
2023-07-23,97,89,89,98,18,18,18,18,18,92,92,93,84,5
2023-07-23,97,89,89,98,18,18,18,18,18,92,92,92,84,5
2023-07-23,93,89,89,99,18,18,18,18,18,92,92,92,84,5
2023-07-23,95,89,89,97,18,18,18,18,18,92,92,92,84,5
2023-07-23,95,89,89,99,18,18,18,18,18,92,92,92,84,5
2023-07-23,90,86,87,97,18,17,18,18,18,92,92,92,84,4
2023-07-23,93,87,86,95,18,18,18,18,18,92,92,93,84,4
2023-07-23,95,87,87,90,18,17,18,18,18,92,92,93,84,4
2023-07-23,95,86,86,96,18,17,18,18,18,92,92,92,84,4
2023-07-23,94,86,87,94,18,18,18,18,18,92,92,93,84,4
2023-07-23,90,90,88,98,18,18,18,18,18,92,92,92,84,4
2023-07-23,89,88,87,90,18,18,18,18,18,92,92,92,84,4
2023-07-23,88,87,86,89,18,18,18,18,18,92,92,92,84,4
2023-07-23,88,87,86,87,18,18,18,18,18,92,92,92,84,4
2023-07-23,87,87,85,85,18,18,18,18,18,92,92,92,84,4
2023-07-23,87,86,85,85,18,18,18,18,18,92,92,92,83,4
2023-07-23,86,86,85,85,18,18,18,18,18,92,92,92,83,4
2023-07-23,87,87,86,82,18,18,18,18,18,92,92,92,83,4
2023-07-24,88,88,87,82,18,18,18,18,18,92,92,92,83,4
2023-07-24,88,88,87,85,18,18,18,18,18,92,92,92,83,4
2023-07-24,88,88,88,85,18,18,18,18,18,92,92,92,83,4
2023-07-24,88,88,88,86,18,18,18,18,18,92,92,92,82,5
2023-07-24,88,88,88,85,18,18,18,18,18,92,92,92,82,4
2023-07-24,88,88,88,84,18,18,18,18,18,92,92,92,82,4
2023-07-24,88,88,88,84,18,18,18,18,18,92,92,92,82,4
2023-07-24,88,89,88,84,18,18,18,18,18,92,92,92,82,4
2023-07-24,88,88,88,84,18,18,18,18,18,92,92,92,82,4
2023-07-24,87,88,88,83,18,18,18,18,18,92,92,92,82,4
2023-07-24,86,87,86,90,18,18,18,18,18,92,92,92,82,4
2023-07-24,86,87,87,82,18,18,18,18,18,92,92,92,82,4
2023-07-24,86,87,86,82,18,18,18,18,18,92,92,92,82,3
2023-07-24,86,87,87,83,18,18,18,18,18,92,92,92,82,3
2023-07-24,86,87,87,83,18,18,18,18,18,92,92,92,82,3
2023-07-24,86,87,87,83,18,18,18,18,18,92,92,92,82,4
2023-07-24,86,87,87,83,18,18,18,18,18,92,92,92,82,4
2023-07-24,86,87,87,83,18,18,18,18,18,92,92,92,82,4
2023-07-24,86,87,87,83,18,18,18,18,18,92,92,92,82,4
2023-07-24,86,87,87,84,18,18,18,18,18,92,92,92,82,3
2023-07-24,86,87,87,84,18,18,18,18,18,92,92,92,82,3
2023-07-24,86,87,87,85,18,18,18,18,18,92,92,92,83,4
2023-07-24,86,87,87,85,18,18,18,18,18,92,92,92,83,4
2023-07-24,86,87,87,85,18,18,18,18,18,92,92,92,83,3
2023-07-25,86,87,87,85,18,18,18,18,18,92,92,92,82,3
2023-07-25,86,87,87,85,18,18,18,18,18,92,92,92,82,3
2023-07-25,75,87,87,85,18,18,18,18,17,92,92,92,82,3
2023-07-25,73,87,87,85,18,18,18,18,18,92,92,92,82,3
2023-07-25,70,87,87,84,18,18,18,18,18,92,92,92,81,3
2023-07-25,68,87,87,85,18,18,18,18,18,92,92,92,81,3
2023-07-25,60,87,87,85,18,18,18,18,18,92,92,92,82,3
2023-07-25,90,87,87,85,18,18,18,18,18,92,92,92,82,3
2023-07-25,86,87,88,85,18,18,18,18,18,92,92,92,82,3
2023-07-25,86,87,88,84,18,18,18,18,18,92,92,92,81,3
2023-07-25,86,87,88,84,18,18,18,18,18,92,92,92,81,3
2023-07-25,86,86,87,84,18,18,18,18,18,92,92,92,81,3
2023-07-25,86,86,87,84,18,18,18,18,18,92,92,92,82,3
2023-07-25,86,87,88,83,18,18,18,18,18,92,92,92,82,3
2023-07-25,87,88,88,83,18,18,18,18,18,92,92,92,82,3
2023-07-25,88,88,89,83,18,18,18,18,18,92,92,93,84,3
2023-07-25,88,88,89,84,18,18,18,18,18,92,92,93,84,3
2023-07-25,87,87,87,79,18,18,18,18,18,92,92,93,83,3
2023-07-25,87,87,87,80,18,18,18,18,18,92,92,93,83,3
2023-07-25,87,87,87,80,18,18,18,18,18,92,92,93,83,3
2023-07-25,87,87,87,79,18,18,18,18,18,92,92,92,83,3
2023-07-25,87,87,87,79,18,18,18,18,19,92,92,93,84,3
2023-07-25,88,87,87,78,18,18,18,18,18,92,92,93,84,3
2023-07-25,88,87,87,79,18,18,18,18,18,92,92,93,84,2
2023-07-26,88,87,87,79,18,18,18,18,19,92,92,93,87,3
2023-07-26,88,87,87,78,18,18,18,18,19,92,92,93,87,3
2023-07-26,87,87,87,78,18,18,18,18,19,92,92,93,87,3
2023-07-26,87,87,87,78,18,18,18,18,19,93,92,93,85,3
2023-07-26,87,87,88,77,18,18,18,18,19,92,92,93,85,3
2023-07-26,87,87,88,78,18,18,18,18,18,92,92,93,85,3
2023-07-26,87,87,88,77,18,18,18,18,18,93,92,93,84,3
2023-07-26,87,87,88,77,18,18,18,18,18,93,92,93,84,3
2023-07-26,87,87,88,77,18,18,18,18,18,93,92,93,83,3
2023-07-26,87,87,88,77,18,18,18,18,18,93,92,93,84,3
2023-07-26,86,87,87,76,18,18,18,18,18,93,92,93,84,3
2023-07-26,86,87,87,76,18,18,18,18,18,92,92,93,84,3
2023-07-26,86,87,87,75,18,18,18,18,18,93,92,93,85,3
2023-07-26,85,86,86,75,18,18,18,18,18,93,92,93,85,3
2023-07-26,86,86,87,75,18,18,18,18,18,92,92,93,85,3
2023-07-26,85,86,86,74,18,18,18,18,18,93,92,93,85,3
2023-07-26,85,86,86,74,18,18,18,18,18,93,92,93,85,3
2023-07-26,85,86,86,74,18,18,18,18,18,93,92,93,85,3
2023-07-26,85,86,86,74,18,18,18,18,18,93,92,93,87,3
2023-07-26,85,86,86,74,18,18,18,18,18,93,92,93,87,3
2023-07-26,85,86,86,74,18,18,18,18,18,93,92,93,87,3
2023-07-26,85,86,86,73,18,18,18,18,18,93,92,93,87,3
2023-07-26,85,87,86,73,18,18,18,18,18,93,92,93,87,3
2023-07-26,80,87,86,73,18,18,18,18,18,93,92,93,87,3
2023-07-27,79,87,86,74,18,18,18,18,18,93,92,93,87,3
2023-07-27,76,87,86,74,18,18,18,18,18,93,92,93,87,3
2023-07-27,74,87,86,74,18,18,18,18,18,93,92,93,87,3
2023-07-27,70,87,86,74,18,18,18,18,18,93,92,93,85,3
2023-07-27,70,87,86,73,18,18,18,18,18,93,92,93,85,3
2023-07-27,69,87,86,73,18,18,18,18,18,93,92,92,85,3
2023-07-27,67,87,86,74,18,18,18,18,18,92,92,93,83,3
2023-07-27,66,87,87,73,18,17,18,18,18,92,92,93,83,3
2023-07-27,62,87,87,73,18,17,18,18,18,92,92,93,83,3
2023-07-27,85,87,87,74,18,17,18,18,18,92,92,93,83,3
2023-07-27,85,87,86,74,18,17,18,18,18,92,92,93,83,3
2023-07-27,86,88,88,93,18,18,18,18,18,92,92,93,83,3
2023-07-27,86,88,88,75,18,18,18,18,18,92,92,93,82,3
2023-07-27,87,89,88,76,18,18,18,18,18,92,92,92,82,3
2023-07-27,86,89,88,76,18,18,18,18,18,92,92,92,82,3
2023-07-27,86,89,88,76,18,18,18,18,18,92,92,93,81,3
2023-07-27,86,89,88,76,18,18,18,18,18,92,92,92,81,3
2023-07-27,87,89,88,76,18,18,18,18,18,92,92,92,81,3
2023-07-27,86,89,88,77,18,18,18,18,18,92,92,93,81,4
2023-07-27,86,88,88,76,18,18,18,18,18,92,92,93,81,4
2023-07-27,86,90,86,79,18,17,18,18,18,92,92,92,81,3
2023-07-27,85,90,86,77,18,18,18,18,18,92,92,93,80,4
2023-07-27,87,89,87,78,18,18,18,18,18,92,92,92,80,2
2023-07-27,86,89,86,76,18,18,18,18,18,92,92,92,80,1
2023-07-28,88,90,88,79,18,17,18,18,16,93,92,93,81,4
2023-07-28,86,89,88,77,18,18,18,18,16,93,92,93,81,4
2023-07-28,86,89,88,76,18,17,18,18,16,93,92,93,81,4
2023-07-28,86,90,86,76,18,18,18,18,18,93,92,93,82,6
2023-07-28,87,88,86,78,18,17,18,18,18,93,92,93,82,5
2023-07-28,88,90,86,77,18,17,18,18,18,92,92,93,82,7
2023-07-28,87,89,88,76,18,18,18,18,18,92,92,93,82,3
2023-07-28,87,88,88,78,18,17,18,18,18,92,92,93,82,3
2023-07-28,88,89,88,78,18,17,18,18,18,92,92,93,82,2
2023-07-28,87,90,88,78,18,17,18,18,18,92,92,93,82,3
2023-07-28,87,89,88,78,18,17,18,18,18,92,92,93,81,3
2023-07-28,86,89,88,78,18,17,18,18,18,92,92,93,82,11
2023-07-28,87,90,88,100,18,17,18,18,18,92,92,93,85,12
2023-07-28,85,89,87,94,18,17,18,18,18,92,92,93,84,12
2023-07-28,85,87,86,88,18,17,18,18,18,92,92,93,84,12
2023-07-28,82,84,83,79,18,17,18,18,18,92,92,93,83,16
2023-07-28,83,85,84,81,18,17,18,18,18,92,92,93,83,16
2023-07-28,83,85,84,81,18,17,18,18,18,92,92,93,83,16
2023-07-28,82,85,83,78,18,17,18,18,18,92,92,93,82,16
2023-07-28,82,85,83,77,18,17,18,18,18,92,92,93,82,16
2023-07-28,82,85,83,80,18,17,18,18,18,92,92,92,82,16
2023-07-28,82,85,83,78,18,17,18,18,19,92,92,93,82,12
2023-07-28,80,85,83,78,18,17,18,18,19,92,92,93,82,12
2023-07-28,78,85,83,76,18,17,18,18,19,92,92,93,81,12
2023-07-29,72,85,83,75,18,17,18,18,18,92,92,93,81,13
2023-07-29,70,85,83,77,18,17,18,18,18,92,92,92,81,13
2023-07-29,69,85,83,79,18,17,18,18,18,92,92,92,81,13
2023-07-29,67,85,83,80,18,17,18,18,18,92,92,92,81,13
2023-07-29,64,86,83,78,18,17,18,18,18,92,92,92,81,13
2023-07-29,85,86,83,79,18,17,18,18,18,92,92,92,81,13
2023-07-29,82,85,83,77,18,17,18,18,18,92,92,93,80,13
2023-07-29,83,85,83,79,18,17,18,18,18,92,92,93,80,13
2023-07-29,82,85,83,75,18,17,18,18,18,92,92,92,80,13
2023-07-29,82,85,83,75,18,17,18,18,18,92,92,92,79,14
2023-07-29,82,85,83,75,18,17,18,18,18,92,92,92,79,14
2023-07-29,82,85,83,74,18,17,18,18,18,92,92,92,79,14
2023-07-29,82,85,80,74,18,17,18,18,18,92,92,92,78,14
2023-07-29,85,88,83,75,18,17,18,18,18,92,92,92,78,14
2023-07-29,85,88,85,76,18,17,18,18,18,92,92,92,78,14
2023-07-29,85,87,85,75,18,17,18,18,18,92,92,92,77,14
2023-07-29,84,87,84,76,18,17,18,18,18,92,92,92,76,14
2023-07-29,84,87,84,75,18,17,18,18,18,92,92,92,76,13
2023-07-29,83,86,83,74,18,17,17,17,18,92,92,92,77,14
2023-07-29,83,86,83,73,18,17,17,17,18,92,92,92,77,14
2023-07-29,83,86,83,73,18,18,17,17,18,92,92,92,76,13
2023-07-29,83,86,83,73,18,18,17,17,18,92,92,92,77,13
2023-07-29,83,86,83,73,18,18,17,17,18,92,92,92,77,13
2023-07-29,83,86,83,73,18,18,17,17,18,92,92,92,77,13
2023-07-30,83,86,83,73,17,18,17,17,18,92,92,92,79,13
2023-07-30,83,86,83,73,17,18,17,17,18,92,92,92,79,13
2023-07-30,83,86,83,73,17,18,17,17,18,92,92,92,79,13
2023-07-30,83,86,83,73,17,18,17,17,18,92,92,92,81,13
2023-07-30,83,86,83,73,17,17,17,17,18,92,92,92,81,13
2023-07-30,83,86,83,73,17,17,17,17,18,92,92,92,81,13
2023-07-30,83,86,83,73,17,17,17,17,18,92,92,92,82,13
2023-07-30,83,86,83,73,17,17,17,17,18,92,92,92,82,13
2023-07-30,83,86,83,72,17,17,17,17,18,92,92,92,82,13
2023-07-30,83,86,82,73,17,18,17,17,18,92,92,92,83,13
2023-07-30,83,86,83,73,17,18,17,17,18,92,92,92,83,13
2023-07-30,83,86,83,73,17,18,17,17,18,92,92,92,83,12
2023-07-30,83,86,83,74,17,18,17,17,18,92,92,92,84,13
2023-07-30,83,86,83,73,17,18,17,17,18,92,92,92,84,13
2023-07-30,83,86,83,73,17,18,17,17,18,92,92,92,84,13
2023-07-30,80,86,83,73,17,18,17,17,18,92,92,92,85,13
2023-07-30,80,86,82,72,17,18,17,17,18,92,92,92,85,13
2023-07-30,80,86,83,72,17,18,17,17,18,92,92,92,85,13
2023-07-30,79,86,83,73,17,18,17,17,18,92,92,92,86,12
2023-07-30,79,86,82,74,17,18,17,17,18,92,92,92,86,12
2023-07-30,78,86,83,74,17,18,17,17,18,92,92,92,86,12
2023-07-30,77,86,83,74,17,18,17,17,18,92,92,92,87,11
2023-07-30,78,86,83,74,17,18,17,17,18,92,92,92,86,11
2023-07-30,75,86,83,77,17,18,17,17,18,92,92,92,86,11
2023-07-31,75,86,83,76,17,18,17,17,18,92,92,92,85,11
2023-07-31,75,86,83,77,17,18,17,17,18,92,92,92,85,11
2023-07-31,74,86,83,76,17,18,17,17,18,92,92,92,85,11
2023-07-31,72,86,83,75,17,18,17,17,18,92,92,92,85,11
2023-07-31,70,86,83,74,17,18,17,17,18,92,92,92,85,11
2023-07-31,68,86,83,74,17,18,17,17,18,92,92,92,85,10
2023-07-31,68,86,83,74,17,18,17,17,18,92,92,92,84,11
2023-07-31,67,86,83,74,17,18,17,17,18,92,92,92,84,11
2023-07-31,68,86,83,74,17,18,17,17,18,92,92,92,84,10
2023-07-31,67,85,89,98,17,17,17,17,18,92,92,92,83,11
2023-07-31,67,86,88,87,17,18,17,17,18,92,92,92,83,10
2023-07-31,66,85,84,99,17,17,17,17,18,92,92,92,83,10
2023-07-31,66,86,83,88,17,17,17,17,18,92,92,92,83,11
2023-07-31,64,86,87,92,17,17,17,17,18,92,92,92,83,11
2023-07-31,81,86,90,74,17,18,17,17,18,92,92,92,82,11
2023-07-31,81,86,89,77,17,17,17,17,18,92,92,92,82,11
2023-07-31,82,86,90,84,17,18,17,17,18,92,92,92,82,10
2023-07-31,82,85,88,94,17,17,17,17,18,92,92,92,82,10
2023-07-31,83,85,89,88,18,17,17,17,18,92,92,92,81,11
2023-07-31,82,86,89,87,18,17,17,17,18,92,92,92,81,11
2023-07-31,81,85,84,90,18,17,17,17,18,92,92,92,81,11
2023-07-31,83,85,86,78,18,18,17,17,18,92,92,92,82,11
2023-07-31,82,85,82,79,18,17,17,17,18,92,92,92,82,11
2023-07-31,82,85,82,79,18,18,17,17,18,92,92,92,82,11
2023-08-01,81,86,87,87,18,18,17,17,18,92,92,92,82,11
2023-08-01,82,85,82,87,18,18,17,17,18,92,92,92,81,11
2023-08-01,82,85,84,97,18,17,17,17,18,92,92,92,81,10
2023-08-01,81,85,86,74,18,17,17,17,18,92,92,92,81,11
2023-08-01,83,86,89,92,18,18,17,17,18,92,92,92,81,11
2023-08-01,81,85,85,84,18,17,17,17,18,92,92,92,81,11
2023-08-01,82,86,83,79,18,18,17,17,18,92,92,92,82,7
2023-08-01,83,86,86,94,18,18,17,17,18,92,92,92,82,1
2023-08-01,82,85,82,85,18,18,17,17,18,92,92,92,81,0
2023-08-01,82,85,82,75,18,17,17,17,18,92,92,92,82,0
2023-08-01,81,85,84,88,18,17,17,17,18,92,92,92,82,3
2023-08-01,83,85,89,87,18,18,17,17,18,92,92,92,82,4
2023-08-01,82,85,87,78,18,18,17,17,18,92,92,92,82,13
2023-08-01,80,87,90,99,18,18,17,17,18,92,92,92,82,13
2023-08-01,80,85,88,85,18,18,17,17,18,92,92,92,82,13
2023-08-01,80,84,87,84,17,18,17,17,18,92,92,92,82,4
2023-08-01,79,84,86,83,17,18,17,17,18,92,92,92,81,2
2023-08-01,79,82,85,82,17,18,17,17,18,92,92,92,81,4
2023-08-01,79,82,85,81,17,18,17,17,18,92,92,92,82,11
2023-08-01,77,81,84,81,17,18,17,17,18,92,92,92,82,10
2023-08-01,77,81,84,80,17,18,17,17,18,92,92,92,81,4
2023-08-01,76,81,83,80,17,18,17,17,18,92,92,92,83,14
2023-08-01,73,80,83,80,17,17,17,17,18,92,92,92,83,13
2023-08-01,73,80,83,79,17,17,17,17,18,92,92,92,83,13
2023-08-02,73,80,83,78,17,17,17,17,18,92,92,92,86,13
2023-08-02,72,80,82,78,17,17,17,17,18,92,92,92,86,13
2023-08-02,73,80,82,78,17,17,17,17,18,92,92,92,86,13
2023-08-02,72,80,83,78,17,17,17,17,18,92,92,92,89,13
2023-08-02,70,80,82,78,17,17,17,17,18,92,92,92,89,13
2023-08-02,70,80,83,78,17,17,17,17,18,92,92,92,88,13
2023-08-02,69,80,82,77,17,17,17,17,18,92,92,92,92,12
2023-08-02,68,80,82,77,17,17,17,17,18,92,92,92,93,12
2023-08-02,69,81,82,78,17,17,17,17,18,92,92,92,92,12
2023-08-02,67,82,83,78,17,17,17,17,18,92,92,92,93,12
2023-08-02,67,82,83,78,17,17,17,17,18,92,92,92,93,12
2023-08-02,67,82,83,78,17,17,17,17,18,92,92,92,93,12
2023-08-02,67,82,83,78,17,17,17,17,18,92,92,92,93,12
2023-08-02,66,82,83,78,17,17,17,17,18,92,92,92,93,12
2023-08-02,66,82,83,78,17,17,17,17,18,92,92,92,93,12
2023-08-02,65,81,83,77,17,17,17,17,18,92,92,92,93,12
2023-08-02,65,83,84,83,17,17,17,17,18,92,92,92,93,12
2023-08-02,61,85,87,92,17,17,17,17,18,92,92,92,93,12
2023-08-02,84,84,86,87,17,17,17,17,18,92,92,92,93,12
2023-08-02,82,83,85,86,17,17,17,17,18,92,92,92,93,12
2023-08-02,82,82,84,84,17,17,17,17,18,92,92,92,93,12
2023-08-02,81,82,84,84,17,17,17,17,18,92,92,92,93,12
2023-08-02,81,82,84,84,17,17,17,17,18,92,92,92,93,12
2023-08-02,81,81,83,83,17,17,17,17,18,92,92,92,93,12
2023-08-03,81,81,83,83,17,17,17,17,18,92,92,92,93,12
2023-08-03,81,81,83,83,17,17,17,17,18,92,92,92,93,12
2023-08-03,81,81,83,83,17,17,17,17,18,92,92,92,93,12
2023-08-03,81,81,83,83,17,17,18,17,18,92,92,92,93,12
2023-08-03,81,81,83,83,17,17,17,17,18,92,92,92,93,12
2023-08-03,81,81,83,83,17,17,17,17,18,92,92,92,92,12
2023-08-03,81,81,83,83,18,17,17,17,18,92,92,92,87,1
2023-08-03,81,81,83,83,18,17,17,17,18,92,92,92,87,1
2023-08-03,81,81,83,83,18,17,17,17,18,92,92,92,87,1
2023-08-03,82,83,86,82,18,17,17,17,18,92,92,92,86,5
2023-08-03,83,84,88,83,18,17,17,17,18,92,92,92,86,5
2023-08-03,84,84,88,84,18,17,17,17,18,92,92,92,86,4
2023-08-03,84,84,88,83,18,17,17,17,18,92,92,92,85,5
2023-08-03,83,83,87,83,18,17,17,17,18,92,92,92,85,3
2023-08-03,83,83,87,82,18,17,17,17,18,92,92,92,85,4
2023-08-03,83,83,87,82,18,17,18,18,18,92,92,92,88,5
2023-08-03,83,84,87,82,18,17,18,17,18,92,92,92,88,4
2023-08-03,83,84,87,83,18,17,18,17,18,92,92,92,87,4
2023-08-03,83,84,87,83,18,17,18,18,18,92,92,93,87,5
2023-08-03,83,84,87,83,18,17,18,18,18,92,92,93,87,5
2023-08-03,83,83,86,82,18,17,18,18,18,92,92,93,87,3
2023-08-03,83,83,86,82,18,17,18,18,18,92,92,93,88,5
2023-08-03,83,83,86,83,18,17,18,18,18,92,92,93,88,4
2023-08-03,82,83,86,81,18,17,18,18,18,92,92,92,88,4
2023-08-04,82,83,86,81,18,17,18,18,18,92,92,93,89,5
2023-08-04,82,83,86,81,18,17,18,18,18,92,92,93,88,4
2023-08-04,82,83,86,80,18,17,18,18,18,92,92,93,88,4
2023-08-04,82,83,86,80,18,17,18,18,18,92,92,93,90,1
2023-08-04,82,83,86,80,18,17,18,18,18,92,92,93,90,1
2023-08-04,82,83,86,80,18,17,18,18,18,92,92,93,90,1
2023-08-04,82,83,86,80,18,17,18,18,18,92,92,93,92,1
2023-08-04,82,83,86,80,18,17,18,18,18,92,92,93,92,1
2023-08-04,82,83,86,80,18,17,18,18,18,92,92,92,92,1
2023-08-04,82,83,86,80,17,17,18,18,18,92,92,93,93,1
2023-08-04,82,83,86,80,17,17,18,18,18,92,92,93,93,1
2023-08-04,83,83,86,81,17,17,18,18,18,92,92,93,93,0
2023-08-04,82,83,86,80,17,17,18,18,18,92,92,93,93,1
2023-08-04,80,83,86,81,17,17,18,18,18,92,92,93,93,1
2023-08-04,79,83,86,80,17,17,18,18,18,92,92,93,93,1
2023-08-04,76,82,85,78,17,17,18,18,18,92,92,93,93,1
2023-08-04,76,82,85,78,17,17,18,18,18,92,92,93,93,1
2023-08-04,76,82,85,78,17,17,18,18,18,92,92,92,93,1
2023-08-04,74,82,85,78,17,17,18,18,18,92,92,93,93,1
2023-08-04,74,82,85,78,17,17,18,18,18,92,92,93,93,1
2023-08-04,75,82,85,78,17,17,18,18,18,92,92,92,93,1
2023-08-04,74,82,85,78,17,17,17,18,18,92,92,93,93,1
2023-08-04,74,82,85,78,17,17,17,18,18,92,92,93,93,1
2023-08-04,72,82,85,77,17,17,17,18,18,92,92,92,93,1
2023-08-05,72,82,85,77,17,17,17,17,18,92,92,93,93,1
2023-08-05,70,82,85,77,17,17,17,17,18,92,92,93,93,1
2023-08-05,70,82,85,77,17,17,17,17,18,92,92,93,93,0
2023-08-05,70,82,85,77,17,17,17,17,18,92,92,93,93,1
2023-08-05,68,82,85,78,17,17,17,17,18,92,92,93,93,1
2023-08-05,69,82,85,78,17,17,17,17,18,92,92,93,93,0
2023-08-05,69,82,85,78,17,17,17,17,18,92,92,93,93,1
2023-08-05,69,82,85,78,17,17,17,17,18,92,92,93,93,1
2023-08-05,67,82,85,79,17,17,17,17,18,92,92,92,93,1
2023-08-05,67,82,85,78,17,17,17,17,18,92,92,93,93,1
2023-08-05,67,82,85,78,17,17,17,17,18,92,92,93,93,1
2023-08-05,65,82,85,78,17,17,17,17,18,92,92,92,93,0
2023-08-05,65,82,85,78,17,17,17,18,18,92,92,93,93,1
2023-08-05,65,82,85,77,17,17,17,18,18,92,92,93,93,1
2023-08-05,65,82,85,77,17,17,17,18,18,92,92,92,93,1
2023-08-05,60,82,85,78,17,17,18,18,18,92,92,93,93,2
2023-08-05,85,82,85,76,17,17,18,18,18,92,92,93,92,2
2023-08-05,81,82,85,76,17,17,18,18,18,92,92,92,92,2
2023-08-05,81,82,85,75,17,17,18,18,18,92,92,93,91,2
2023-08-05,81,82,85,75,17,17,18,18,18,92,92,93,91,2
2023-08-05,81,82,85,74,17,17,18,18,18,92,92,92,91,2
2023-08-05,81,82,84,75,18,17,18,18,18,92,92,93,90,2
2023-08-05,81,82,84,75,18,17,18,18,18,92,92,93,89,2
2023-08-05,81,82,84,75,18,17,18,18,18,92,92,93,89,2
2023-08-06,81,82,84,74,18,17,18,18,18,92,92,93,89,2
2023-08-06,81,82,84,74,18,17,18,18,18,92,92,93,89,2
2023-08-06,81,82,84,74,18,17,18,18,18,92,92,92,89,2
2023-08-06,81,82,84,74,18,17,18,18,18,92,92,93,88,2
2023-08-06,80,82,84,74,18,17,18,18,18,92,92,93,88,2
2023-08-06,80,82,84,73,18,17,18,18,18,92,92,92,88,2
2023-08-06,80,82,84,73,18,17,18,18,18,92,92,93,87,2
2023-08-06,80,82,84,73,18,17,18,18,18,92,92,93,87,2
2023-08-06,80,81,83,72,18,17,18,18,18,92,92,92,87,2
2023-08-06,80,81,83,71,18,17,18,18,18,92,92,93,88,2
2023-08-06,80,81,83,71,18,17,18,18,18,92,92,93,88,2
2023-08-06,79,81,83,70,18,17,18,18,18,92,92,93,88,2
2023-08-06,79,81,83,70,18,17,18,18,18,92,92,93,88,2
2023-08-06,80,82,84,82,18,17,18,18,18,92,92,93,88,2
2023-08-06,79,81,83,72,18,17,18,18,18,92,92,92,88,2
2023-08-06,79,81,83,71,18,17,18,18,18,92,92,93,90,1
2023-08-06,79,80,82,71,18,17,18,18,18,92,92,93,90,1
2023-08-06,79,85,83,70,18,17,18,18,18,92,92,93,90,1
2023-08-06,79,85,83,71,18,17,18,18,18,92,92,93,89,1
2023-08-06,79,84,83,70,18,17,18,18,18,92,92,92,89,1
2023-08-06,79,84,83,70,18,17,18,18,18,92,92,92,89,1
2023-08-06,79,84,83,70,18,17,18,18,18,92,92,93,90,1
2023-08-06,79,84,82,70,18,17,18,18,18,92,92,92,90,1
2023-08-06,79,84,82,70,18,17,18,18,18,92,92,92,90,1
2023-08-07,79,84,82,70,18,17,18,18,18,92,92,93,91,1
2023-08-07,78,84,82,69,18,17,18,18,18,92,92,93,91,1
2023-08-07,78,84,82,69,18,17,18,18,18,92,92,93,90,1
2023-08-07,78,84,82,69,18,17,18,18,18,92,92,93,89,1
2023-08-07,78,84,82,69,18,17,18,18,18,92,92,93,89,1
2023-08-07,78,84,82,69,18,17,18,18,18,92,92,93,89,1
2023-08-07,78,83,82,69,18,17,18,18,18,92,92,93,88,1
2023-08-07,78,84,82,69,18,17,18,18,18,92,92,93,88,1
2023-08-07,78,83,82,69,18,17,18,18,18,92,92,92,88,1
2023-08-07,78,83,82,68,18,17,18,18,18,92,92,93,88,1
2023-08-07,78,83,82,68,18,17,18,18,18,92,92,93,88,1
2023-08-07,79,84,84,68,18,17,18,18,18,92,92,92,88,1
2023-08-07,79,84,83,68,18,17,18,18,18,92,92,93,88,1
2023-08-07,78,84,83,68,18,17,18,18,18,92,92,92,88,1
2023-08-07,78,84,83,68,18,17,18,18,18,92,92,92,88,1
2023-08-07,78,84,82,69,18,17,18,18,18,92,92,93,90,1
2023-08-07,78,84,82,68,18,17,18,18,18,92,92,93,90,1
2023-08-07,78,84,83,68,18,17,18,18,18,92,92,92,90,1
2023-08-07,78,84,82,68,18,17,18,18,18,92,92,92,91,1
2023-08-07,78,84,82,68,17,17,18,18,18,92,92,92,91,1
2023-08-07,78,84,82,68,17,17,18,18,18,92,92,92,90,1
2023-08-07,78,84,82,68,18,17,18,18,18,92,92,92,92,1
2023-08-07,74,84,82,68,18,17,18,18,18,92,92,92,92,1
2023-08-07,74,84,82,68,17,17,18,18,18,92,92,92,92,1
2023-08-08,74,84,82,68,18,17,18,18,18,92,92,93,92,1
2023-08-08,70,84,82,68,18,17,18,18,18,92,92,92,92,1
2023-08-08,70,84,82,68,18,17,18,18,18,92,92,92,92,1
2023-08-08,70,84,82,68,17,17,18,18,18,92,92,92,93,1
2023-08-08,70,84,82,68,17,17,18,18,18,92,92,92,93,1
2023-08-08,70,84,82,68,17,17,18,18,18,92,92,92,93,1
2023-08-08,69,83,82,68,17,17,18,18,18,92,92,92,93,1
2023-08-08,69,83,82,68,17,17,18,18,18,92,92,92,93,1
2023-08-08,69,83,82,68,17,17,18,18,18,92,92,92,93,1
2023-08-08,68,83,82,68,17,17,18,18,18,92,92,92,93,1
2023-08-08,68,83,82,68,17,17,18,18,18,92,92,92,93,1
2023-08-08,68,84,82,67,17,17,18,18,18,92,92,92,93,1
2023-08-08,68,84,82,68,17,17,18,18,18,92,92,92,93,4
2023-08-08,86,83,82,68,17,17,18,18,18,92,92,92,93,4
2023-08-08,68,83,82,67,17,17,18,18,18,92,92,92,93,4
2023-08-08,68,83,81,66,18,17,18,18,18,92,92,92,93,3
2023-08-08,68,83,81,66,18,17,18,18,18,92,92,92,93,3
2023-08-08,67,83,81,67,18,17,18,18,18,92,92,92,93,3
2023-08-08,66,83,81,66,18,17,18,18,18,92,92,93,93,2
2023-08-08,66,83,81,66,18,17,18,18,18,92,92,92,93,2
2023-08-08,66,83,81,66,18,17,18,18,18,92,92,92,93,1
2023-08-08,66,83,81,66,18,17,18,18,18,92,92,93,93,2
2023-08-08,65,83,81,66,18,17,18,18,18,92,92,93,93,2
2023-08-08,65,83,81,66,18,17,18,18,18,92,92,92,93,2
2023-08-09,65,83,81,66,18,17,18,18,18,92,92,93,93,2
2023-08-09,65,83,81,66,18,17,18,18,18,92,92,92,93,2
2023-08-09,63,83,81,66,18,17,18,18,18,92,92,92,93,1
2023-08-09,87,83,81,66,18,17,18,18,18,92,92,93,93,2
2023-08-09,77,83,81,66,18,17,18,18,18,92,92,93,93,2
2023-08-09,77,83,81,66,18,17,18,18,18,92,92,92,93,1
2023-08-09,77,83,81,66,18,17,18,18,18,92,92,93,93,3
2023-08-09,76,82,81,66,18,17,18,18,18,92,92,92,93,3
2023-08-09,76,82,80,66,18,17,18,18,18,92,92,92,93,3
2023-08-09,77,82,81,66,18,17,18,18,18,92,92,93,93,12
2023-08-09,77,83,82,67,18,17,18,18,18,92,92,93,93,12
2023-08-09,76,82,81,66,18,17,18,18,18,92,92,93,93,12
2023-08-09,76,82,81,66,18,17,18,18,18,92,92,93,93,10
2023-08-09,76,82,81,66,18,17,18,18,18,92,92,93,93,10
2023-08-09,76,82,81,66,18,17,18,18,18,92,92,93,93,10
2023-08-09,76,82,81,66,18,17,18,18,18,92,92,93,93,9
2023-08-09,75,81,81,66,18,17,18,18,18,92,92,93,93,9
2023-08-09,76,83,81,88,18,17,18,18,18,92,92,93,93,9
2023-08-09,77,81,82,78,18,17,18,18,18,92,92,93,93,9
2023-08-09,77,81,82,79,18,17,18,18,18,92,92,93,93,9
2023-08-09,77,82,82,79,18,17,18,18,18,92,92,93,93,9
2023-08-09,77,82,82,79,18,17,18,18,18,92,92,93,93,9
2023-08-09,77,82,82,80,18,17,18,18,18,92,92,93,93,9
2023-08-09,77,82,82,81,18,17,18,18,18,92,92,93,93,8
2023-08-10,77,82,82,81,18,17,18,18,18,92,92,93,93,9
2023-08-10,77,82,81,81,18,17,18,18,18,92,92,93,93,9
2023-08-10,77,82,81,80,18,17,18,18,18,92,92,93,93,9
2023-08-10,77,82,81,80,18,17,18,18,18,92,92,93,93,9
2023-08-10,77,82,81,81,18,17,18,18,18,92,92,93,93,9
2023-08-10,77,82,81,81,18,17,18,18,18,92,92,93,93,9
2023-08-10,77,82,81,81,18,17,18,18,18,92,92,93,93,9
2023-08-10,77,82,81,81,18,17,18,18,18,92,92,93,93,9
2023-08-10,77,82,81,81,18,17,18,18,18,92,92,92,93,9
2023-08-10,77,82,81,81,18,17,18,18,18,92,92,93,93,9
2023-08-10,77,82,81,81,18,17,18,18,18,92,92,93,93,9
2023-08-10,77,82,81,81,18,17,18,18,18,92,92,93,93,9
2023-08-10,77,82,81,81,18,17,18,18,18,92,92,93,93,9
2023-08-10,77,82,81,81,18,17,18,18,18,92,92,92,93,9
2023-08-10,77,82,81,81,18,17,18,18,18,92,92,92,93,9
2023-08-10,77,82,81,81,18,17,18,18,18,92,92,93,93,9
2023-08-10,77,82,81,81,18,17,18,18,18,92,92,93,93,9
2023-08-10,78,82,81,82,18,17,18,18,18,92,92,92,93,9
2023-08-10,77,82,81,82,18,17,18,18,18,92,92,93,93,9
2023-08-10,77,82,81,81,18,17,18,18,18,92,92,93,93,9
2023-08-10,77,82,81,81,18,17,18,18,18,92,92,92,93,9
2023-08-10,77,82,81,81,18,17,18,18,18,92,92,93,93,9
2023-08-10,77,82,81,81,18,17,18,18,18,92,92,93,93,9
2023-08-10,77,82,81,81,18,17,18,18,18,92,92,93,93,9
2023-08-11,77,82,81,81,18,17,18,18,18,92,92,93,93,10
2023-08-11,77,81,81,81,18,17,18,18,18,92,92,92,93,10
2023-08-11,77,81,81,81,18,17,18,18,18,92,92,92,93,10
2023-08-11,77,81,81,81,18,17,18,18,18,92,92,92,93,10
2023-08-11,77,81,81,80,18,17,18,18,18,92,92,92,93,10
2023-08-11,77,81,81,80,18,17,18,18,18,92,92,92,93,10
2023-08-11,77,81,81,80,18,17,18,18,18,92,92,93,93,10
2023-08-11,77,81,81,80,18,17,18,18,18,92,92,93,93,10
2023-08-11,77,81,81,80,18,17,18,18,18,92,92,92,93,10
2023-08-11,76,80,80,79,18,17,18,18,18,92,92,92,93,10
2023-08-11,76,80,80,80,18,17,18,18,18,92,92,92,93,10
2023-08-11,79,82,83,89,18,17,18,18,18,92,92,92,93,10
2023-08-11,78,81,82,79,18,17,18,18,18,92,92,92,93,11
2023-08-11,78,81,82,79,18,17,18,18,18,92,92,92,93,11
2023-08-11,78,81,82,79,18,17,18,18,18,92,92,92,93,11
2023-08-11,78,80,82,79,18,17,18,18,18,92,92,92,93,11
2023-08-11,78,80,82,79,18,17,18,18,18,92,92,92,93,11
2023-08-11,78,80,82,79,18,17,18,18,18,92,92,92,93,11
2023-08-11,78,80,82,79,18,17,18,18,18,92,92,92,93,11
2023-08-11,78,80,82,79,18,17,18,18,18,92,92,92,93,11
2023-08-11,78,80,82,79,18,17,18,18,18,92,92,92,93,11
2023-08-11,78,80,82,79,18,17,18,18,18,92,92,92,93,32
2023-08-11,78,80,82,78,18,17,18,18,18,92,92,92,93,31
2023-08-11,78,80,82,79,18,17,18,18,18,92,92,92,93,29
2023-08-12,78,80,82,79,18,17,18,18,18,92,92,92,93,37
2023-08-12,78,80,82,79,18,17,18,18,18,92,92,92,93,36
2023-08-12,78,80,82,79,18,17,18,18,18,92,92,92,93,36
2023-08-12,79,80,82,79,18,17,18,18,18,92,92,92,93,38
2023-08-12,80,81,82,80,18,17,18,18,18,92,92,92,93,38
2023-08-12,81,81,83,80,18,17,18,18,18,92,92,92,93,37
2023-08-12,81,81,83,79,18,17,18,18,18,92,92,92,93,38
2023-08-12,81,81,83,79,18,17,18,18,18,92,92,92,93,37
2023-08-12,81,81,83,79,18,17,18,18,18,92,92,92,93,37
2023-08-12,81,81,83,79,18,17,18,18,18,92,92,92,93,37
2023-08-12,81,80,83,79,18,17,18,18,18,92,92,92,93,37
2023-08-12,82,81,83,79,18,17,18,18,18,92,92,92,93,37
2023-08-12,82,80,83,79,18,17,18,18,18,92,92,92,93,37
2023-08-12,82,80,83,79,18,17,18,18,18,92,92,92,93,37
2023-08-12,82,80,83,79,18,17,18,18,18,92,92,92,93,37
2023-08-12,82,80,83,79,18,17,18,18,18,92,92,92,93,36
2023-08-12,82,80,83,79,18,17,18,18,18,92,92,92,93,34
2023-08-12,82,80,83,79,18,17,18,18,18,92,92,92,93,36
2023-08-12,82,80,83,79,18,17,18,18,18,92,92,92,93,37
2023-08-12,82,80,83,79,18,17,18,18,18,92,92,92,93,37
2023-08-12,82,80,83,79,18,17,18,18,18,92,92,92,93,35
2023-08-12,82,80,83,79,18,17,18,18,18,92,92,92,93,36
2023-08-12,82,80,83,79,18,17,18,18,18,92,92,92,93,36
2023-08-12,82,80,83,79,18,17,17,18,18,92,92,92,93,36
2023-08-13,82,80,83,79,18,17,18,18,18,92,92,92,93,36
2023-08-13,82,80,83,79,17,17,18,18,18,92,92,92,93,35
2023-08-13,82,80,83,79,17,17,18,18,18,92,92,92,93,35
2023-08-13,82,80,82,79,17,17,17,18,18,92,92,92,93,36
2023-08-13,82,80,82,79,17,17,17,17,18,92,92,92,93,36
2023-08-13,83,81,83,79,17,17,17,17,18,92,92,92,93,36
2023-08-13,83,81,83,79,17,17,17,17,18,92,92,92,93,35
2023-08-13,83,81,83,79,17,17,17,17,18,92,92,92,93,35
2023-08-13,83,81,83,79,17,17,17,17,18,92,92,92,93,35
2023-08-13,83,81,83,79,17,17,17,17,18,92,92,92,92,35
2023-08-13,83,81,83,79,17,17,17,17,18,92,92,92,92,35
2023-08-13,83,81,83,79,17,17,17,17,18,92,92,92,92,35
2023-08-13,83,81,83,78,17,17,17,17,17,92,92,92,90,36
2023-08-13,83,81,83,79,17,17,17,17,17,92,92,92,90,36
2023-08-13,83,81,83,78,17,17,17,17,17,92,92,92,89,36
2023-08-13,83,81,83,78,17,17,17,17,17,92,92,92,89,35
2023-08-13,83,81,83,78,17,17,17,17,17,92,92,92,89,35
2023-08-13,83,81,83,78,17,17,17,17,17,92,92,92,89,35
2023-08-13,83,81,83,78,17,17,17,17,17,92,92,92,90,36
2023-08-13,83,81,83,78,17,17,17,17,17,92,92,92,90,36
2023-08-13,83,81,83,78,17,17,17,17,17,92,92,92,89,36
2023-08-13,83,81,83,78,17,17,17,17,17,92,92,92,89,34
2023-08-13,83,81,83,78,17,17,17,17,17,92,92,92,89,36
2023-08-13,83,81,83,78,17,17,17,17,17,92,92,92,88,36
2023-08-14,83,81,83,78,17,17,17,17,17,92,92,92,89,32
2023-08-14,83,81,83,78,17,17,17,17,17,92,92,92,89,32
2023-08-14,83,81,83,78,17,17,17,17,17,92,92,92,88,32
2023-08-14,84,81,83,78,17,17,17,17,17,92,92,92,88,35
2023-08-14,83,81,83,78,17,17,17,17,17,92,92,92,88,35
2023-08-14,83,81,83,78,17,17,17,17,17,92,92,92,88,35
2023-08-14,84,81,83,78,17,17,17,17,17,92,92,92,88,34
2023-08-14,83,81,82,78,17,17,17,17,17,92,92,92,88,37
2023-08-14,83,80,82,78,17,17,17,17,17,92,92,92,88,37
2023-08-14,83,80,82,78,17,17,17,17,17,92,92,92,90,34
2023-08-14,83,80,82,78,17,17,17,17,17,92,92,92,90,35
2023-08-14,83,80,82,78,17,17,17,17,17,92,92,92,89,35
2023-08-14,83,80,83,78,17,17,17,17,18,92,92,92,88,35
2023-08-14,83,81,83,78,17,17,17,17,18,92,92,92,88,34
2023-08-14,83,80,82,78,17,17,17,17,18,92,92,92,88,34
2023-08-14,83,80,82,78,17,17,17,17,18,92,92,92,88,33
2023-08-14,83,80,82,77,17,17,17,17,18,92,92,92,85,34
2023-08-14,83,80,82,77,17,17,17,17,17,92,92,92,88,33
2023-08-14,83,80,82,78,17,17,17,17,18,92,92,92,87,33
2023-08-14,84,81,82,78,17,17,17,17,18,92,92,92,87,34
2023-08-14,83,80,82,78,17,17,17,17,18,92,92,92,87,34
2023-08-14,83,80,82,78,17,17,17,17,18,92,92,92,86,33
2023-08-14,83,80,82,78,17,17,17,17,18,92,92,92,86,32
2023-08-14,83,80,82,78,17,17,17,17,18,92,92,92,85,32
2023-08-15,83,80,82,78,17,17,17,17,18,92,92,92,85,30
2023-08-15,83,80,82,78,17,17,17,17,18,92,92,92,85,32
2023-08-15,83,80,82,78,17,17,17,17,18,92,92,92,85,31
2023-08-15,83,80,82,77,17,17,17,17,18,92,92,92,85,30
2023-08-15,83,80,82,77,17,17,17,17,18,92,92,92,85,30
2023-08-15,83,80,82,77,17,17,17,17,18,92,92,92,85,29
2023-08-15,83,80,81,77,17,17,17,17,18,92,92,92,87,24
2023-08-15,83,80,82,81,17,17,17,17,18,92,92,92,86,25
2023-08-15,83,80,82,81,17,17,17,17,18,92,92,92,86,25
2023-08-15,83,80,82,81,17,17,17,17,18,92,92,92,87,25
2023-08-15,83,80,82,81,17,17,17,17,18,92,92,92,87,25
2023-08-15,84,80,82,81,17,17,17,17,18,92,92,92,87,24
2023-08-15,65,72,68,70,17,17,17,17,18,92,92,92,88,16
2023-08-15,73,76,72,80,17,18,17,17,18,92,92,92,88,22
2023-08-15,71,73,81,70,17,17,17,17,18,92,92,92,88,24
2023-08-15,77,72,75,67,17,18,17,17,18,92,92,92,88,22
2023-08-15,80,72,79,65,17,18,17,17,18,92,92,92,88,23
2023-08-15,77,67,78,71,17,18,17,17,18,92,92,92,88,23
2023-08-15,67,73,66,73,17,18,17,17,18,92,92,92,91,9
2023-08-15,70,68,68,67,17,18,17,17,18,92,92,92,91,9
2023-08-15,72,81,69,82,17,17,17,17,18,92,92,92,91,9
2023-08-15,73,67,78,72,17,17,17,17,18,92,92,92,90,9
2023-08-15,78,75,80,71,17,17,17,17,18,92,92,92,90,9
2023-08-15,77,80,79,69,17,17,17,17,18,92,92,92,90,9
2023-08-16,65,75,75,75,17,18,17,17,16,92,92,92,91,9
2023-08-16,70,67,74,74,17,17,17,17,16,92,92,92,91,9
2023-08-16,76,80,77,68,17,17,17,17,16,92,92,92,91,9
2023-08-16,65,70,76,73,17,18,17,17,17,92,92,92,92,9
2023-08-16,72,69,75,73,17,18,17,17,17,92,92,92,92,7
2023-08-16,65,80,69,65,17,17,17,17,17,92,92,92,92,7
2023-08-16,70,71,77,70,17,18,17,17,17,92,92,92,92,23
2023-08-16,69,69,67,70,17,18,17,17,17,92,92,92,92,23
2023-08-16,65,81,80,82,17,17,17,17,17,92,92,92,92,23
2023-08-16,77,69,79,74,17,17,17,17,17,92,92,92,92,23
2023-08-16,78,77,74,70,17,17,17,17,17,92,92,92,92,19
2023-08-16,76,82,78,71,17,17,17,17,17,92,92,92,92,20
2023-08-16,65,69,75,74,17,17,17,17,18,92,92,92,91,8
2023-08-16,65,75,72,77,17,18,17,17,18,92,92,92,91,8
2023-08-16,79,81,69,82,17,17,17,17,17,92,92,92,91,8
2023-08-16,65,73,78,72,17,18,17,17,17,92,92,92,90,6
2023-08-16,72,66,74,70,17,18,17,17,17,92,92,92,90,6
2023-08-16,66,78,70,65,17,18,17,17,17,92,92,92,90,6
2023-08-16,81,80,81,78,17,17,17,17,18,92,92,92,90,30
2023-08-16,80,68,65,70,17,18,17,17,18,92,92,92,90,30
2023-08-16,70,79,68,67,17,17,17,17,17,92,92,92,90,29
2023-08-16,66,66,73,72,17,18,17,17,18,92,92,92,90,29
2023-08-16,75,67,69,78,17,18,17,17,18,92,92,92,90,29
2023-08-16,67,76,82,69,17,18,17,17,18,92,92,92,90,29
2023-08-17,73,72,73,68,17,17,17,17,18,92,92,92,91,16
2023-08-17,65,78,77,69,17,17,17,17,18,92,92,92,91,16
2023-08-17,81,75,75,78,17,18,17,17,17,92,92,92,91,14
2023-08-17,75,75,78,78,17,17,17,17,18,92,92,92,91,26
2023-08-17,77,70,80,68,17,17,17,17,18,92,92,92,91,26
2023-08-17,77,65,75,82,17,18,17,17,18,92,92,92,91,25
2023-08-17,76,75,65,65,17,18,17,17,18,92,92,92,92,21
2023-08-17,65,73,72,65,17,18,17,17,17,92,92,92,91,26
2023-08-17,70,80,66,75,17,18,17,17,17,92,92,92,91,27
2023-08-17,74,68,68,74,17,18,17,17,18,92,92,92,92,34
2023-08-17,67,68,81,79,17,18,17,17,18,92,92,92,92,35
2023-08-17,67,75,81,66,17,18,17,17,18,92,92,92,91,34
2023-08-17,74,65,73,75,17,18,17,17,17,92,92,92,91,39
2023-08-17,81,67,81,68,17,18,17,17,17,92,92,92,91,39
2023-08-17,73,68,68,78,17,18,17,17,17,92,92,92,91,39
2023-08-17,69,72,76,67,17,17,17,17,17,92,92,92,91,25
2023-08-17,77,82,74,80,17,17,17,17,17,92,92,92,91,27
2023-08-17,70,77,73,68,17,18,17,17,17,92,92,92,91,27
2023-08-17,82,70,81,72,17,17,17,17,17,92,92,92,92,20
2023-08-17,68,80,77,80,17,18,17,17,17,92,92,92,92,18
2023-08-17,78,75,67,75,17,17,17,17,17,92,92,92,91,18
2023-08-17,72,79,71,68,17,17,17,17,17,92,92,92,92,17
2023-08-17,75,76,77,68,17,18,17,17,17,92,92,92,92,11
2023-08-17,78,73,76,81,17,18,17,17,17,92,92,92,92,22
2023-08-18,74,69,69,73,17,18,17,17,17,92,92,92,92,23
2023-08-18,74,69,72,80,17,17,17,17,17,92,92,92,92,22
2023-08-18,77,80,67,77,17,18,17,17,17,92,92,92,92,21
2023-08-18,68,77,75,66,17,18,17,17,17,92,92,92,92,15
2023-08-18,65,73,67,76,17,18,17,17,17,92,92,92,92,18
2023-08-18,69,79,73,67,17,18,17,17,17,92,92,92,92,17
2023-08-18,69,80,72,82,17,18,17,17,17,92,92,92,92,28
2023-08-18,80,78,68,75,17,17,17,17,17,92,92,92,92,28
2023-08-18,68,75,80,66,17,18,17,17,17,92,92,92,92,24
2023-08-18,74,78,75,76,17,18,17,17,17,92,92,92,92,17
2023-08-18,67,66,70,78,17,17,17,17,17,92,92,92,92,19
2023-08-18,66,78,69,67,17,18,17,17,17,92,92,92,92,17
2023-08-18,82,79,65,78,17,18,17,17,17,92,92,92,92,35
2023-08-18,79,76,76,79,17,18,17,17,17,92,92,92,92,35
2023-08-18,79,74,68,67,17,17,17,17,17,92,92,92,92,34
2023-08-18,72,75,67,73,17,18,17,17,17,92,92,92,92,38
2023-08-18,76,81,79,71,17,17,17,17,17,92,92,92,92,38
2023-08-18,81,81,73,75,17,17,17,17,17,92,92,92,92,38
2023-08-18,74,68,69,76,17,17,17,17,17,92,92,92,92,38
2023-08-18,68,80,80,71,17,18,17,17,17,92,92,92,92,38
2023-08-18,71,66,70,73,17,17,17,17,17,92,92,92,92,38
2023-08-18,72,68,66,79,17,17,17,17,18,92,92,92,92,38
2023-08-18,75,71,81,69,17,17,17,17,18,92,92,92,92,39
2023-08-18,77,79,71,66,17,18,17,17,17,92,92,92,91,39
2023-08-19,82,74,71,82,17,17,17,17,18,92,92,92,90,40
2023-08-19,66,80,81,76,17,17,17,17,18,92,92,92,90,40
2023-08-19,71,81,80,76,17,17,17,17,18,92,92,92,90,40
2023-08-19,68,76,78,75,17,17,17,17,18,92,92,92,91,40
2023-08-19,81,75,66,82,17,18,17,17,18,92,92,92,91,40
2023-08-19,77,72,76,77,17,18,17,17,18,92,92,92,90,39
2023-08-19,82,78,78,68,17,18,17,17,18,92,92,92,91,32
2023-08-19,81,80,81,69,17,18,17,17,18,92,92,92,91,35
2023-08-19,68,78,67,71,17,18,17,17,18,92,92,92,91,35
2023-08-19,79,82,70,77,17,18,17,17,18,92,92,92,91,36
2023-08-19,81,74,76,69,17,18,17,17,18,92,92,92,91,35
2023-08-19,68,75,72,72,17,18,17,17,18,92,92,92,91,35
2023-08-19,79,65,74,68,17,17,17,17,18,92,92,92,92,37
2023-08-19,74,70,81,72,17,17,17,17,18,92,92,92,91,37
2023-08-19,79,81,75,80,17,17,17,17,18,92,92,92,91,36
2023-08-19,71,80,65,78,17,18,17,17,18,92,92,92,92,38
2023-08-19,75,69,68,78,17,17,17,17,18,92,92,92,92,38
2023-08-19,78,66,71,80,17,18,17,17,18,92,92,92,92,37
2023-08-19,69,75,73,70,17,17,17,17,18,92,92,92,92,41
2023-08-19,75,80,67,80,17,18,17,17,18,92,92,92,92,41
2023-08-19,68,71,72,70,17,17,17,17,18,92,92,92,92,40
2023-08-19,70,75,76,71,17,17,17,17,18,92,92,92,93,41
2023-08-19,77,73,76,77,17,18,17,17,18,92,92,92,93,41
2023-08-19,72,72,71,71,17,18,17,17,18,92,92,92,93,41
2023-08-20,81,78,75,80,17,18,17,17,18,92,92,92,93,40
2023-08-20,65,70,71,66,17,18,17,17,18,92,92,92,93,40
2023-08-20,66,76,82,80,17,18,17,17,18,92,92,92,93,40
2023-08-20,73,73,71,68,17,18,17,17,18,92,92,92,93,37
2023-08-20,82,77,79,66,17,18,17,17,18,92,92,92,93,37
2023-08-20,70,74,82,75,17,17,17,17,18,92,92,92,93,37
2023-08-20,69,67,78,74,17,18,17,17,18,92,92,92,93,40
2023-08-20,71,71,66,69,17,17,17,17,18,92,92,92,93,40
2023-08-20,69,66,66,71,17,17,17,17,18,92,92,92,93,40
2023-08-20,75,81,75,71,17,18,17,17,18,92,92,92,93,40
2023-08-20,69,71,65,73,17,17,17,17,18,92,92,92,93,40
2023-08-20,73,75,78,72,17,18,17,17,17,92,92,92,92,40
2023-08-20,68,66,66,72,17,18,17,17,18,92,92,92,93,40
2023-08-20,82,81,74,72,17,17,17,17,18,92,92,92,93,39
2023-08-20,70,79,71,78,17,17,17,17,18,92,92,92,93,39
2023-08-20,80,82,76,70,17,18,17,17,18,92,92,92,93,39
2023-08-20,81,77,68,65,17,18,17,17,18,92,92,92,93,39
2023-08-20,72,82,74,78,17,17,17,17,18,92,92,92,93,37
2023-08-20,67,69,74,80,17,17,17,17,17,92,92,92,92,39
2023-08-20,81,68,66,77,17,18,17,17,17,92,92,92,92,39
2023-08-20,74,76,81,69,17,17,17,17,17,92,92,92,92,39
2023-08-20,65,69,71,65,17,18,17,17,17,92,92,92,92,38
2023-08-20,74,72,74,70,17,18,17,17,17,92,92,92,92,38
2023-08-20,79,76,81,69,17,17,17,17,17,92,92,92,92,38
2023-08-21,70,65,79,78,17,17,17,17,18,92,92,92,93,38
2023-08-21,77,81,77,71,17,18,17,17,17,92,92,92,92,38
2023-08-21,80,74,80,71,17,18,17,17,17,92,92,92,92,38
2023-08-21,72,77,75,69,17,18,17,17,17,92,92,92,92,38
2023-08-21,66,66,74,80,17,17,17,17,17,92,92,92,92,38
2023-08-21,71,69,68,65,17,17,17,17,17,92,92,92,92,38
2023-08-21,77,79,72,77,17,18,17,17,17,92,92,92,92,40
2023-08-21,69,70,74,82,17,17,17,17,17,92,92,92,92,40
2023-08-21,74,74,68,65,17,17,17,17,17,92,92,92,92,39
2023-08-21,71,72,75,78,17,18,17,17,17,92,92,92,92,40
2023-08-21,75,74,78,70,17,18,17,17,17,92,92,92,92,40
2023-08-21,81,82,73,73,17,18,17,17,17,92,92,92,92,40
2023-08-21,75,81,82,74,17,17,17,17,18,92,92,92,93,41
2023-08-21,67,73,70,82,17,17,17,17,18,92,92,92,93,41
2023-08-21,78,66,78,73,17,17,17,17,18,92,92,92,93,41
2023-08-21,73,67,77,76,17,17,17,17,18,92,92,92,93,41
2023-08-21,70,70,73,82,17,18,17,17,18,92,92,92,93,41
2023-08-21,78,75,71,71,17,18,17,17,17,92,92,92,92,41
2023-08-21,76,76,66,81,17,17,17,17,18,92,92,92,93,41
2023-08-21,74,67,79,73,17,18,17,17,18,92,92,92,93,41
2023-08-21,72,75,74,75,17,17,17,17,17,92,92,92,92,41
2023-08-21,71,81,72,66,17,17,17,17,18,92,92,92,93,40
2023-08-21,79,66,73,66,17,18,17,17,18,92,92,92,93,40
2023-08-21,79,66,68,79,17,17,17,17,18,92,92,92,93,40
2023-08-22,71,79,69,71,17,17,17,17,18,92,92,92,93,28
2023-08-22,77,66,65,71,17,18,17,17,18,92,92,92,93,31
2023-08-22,72,65,78,82,17,18,17,17,18,92,92,92,93,32
2023-08-22,72,82,74,70,17,17,17,17,18,92,92,92,93,36
2023-08-22,68,76,82,72,17,18,17,17,18,92,92,92,93,38
2023-08-22,74,74,80,69,17,18,17,17,18,92,92,92,93,38
2023-08-22,74,75,72,72,17,17,17,17,18,92,92,92,93,35
2023-08-22,67,71,66,71,17,18,17,17,18,92,92,92,93,37
2023-08-22,81,76,74,82,17,18,17,17,18,92,92,92,93,37
2023-08-22,70,77,77,79,17,17,17,17,18,92,92,92,93,38
2023-08-22,74,69,77,75,17,17,17,17,18,92,92,92,93,39
2023-08-22,79,81,74,72,17,18,17,17,18,92,92,92,93,39
2023-08-22,81,70,70,69,17,17,17,17,18,92,92,92,93,41
2023-08-22,68,67,82,66,17,18,17,17,18,92,92,92,93,41
2023-08-22,70,81,70,79,17,18,17,17,18,92,92,92,93,41
2023-08-22,67,78,68,66,17,17,17,17,18,92,92,92,93,40
2023-08-22,76,82,78,72,17,18,17,17,18,92,92,92,93,39
2023-08-22,80,76,80,66,17,18,17,17,18,92,92,92,93,39
2023-08-22,78,79,73,68,17,17,17,17,18,92,92,92,93,40
2023-08-22,79,71,71,81,17,18,17,17,18,92,92,92,93,40
2023-08-22,80,75,80,71,17,18,17,17,18,92,92,92,93,40
2023-08-22,79,73,81,75,17,17,17,17,18,92,92,92,93,40
2023-08-22,69,73,75,75,17,17,17,17,18,92,92,92,93,39
2023-08-22,76,80,81,82,17,18,17,17,18,92,92,92,93,35
2023-08-23,78,80,79,75,17,17,17,17,18,92,92,92,93,39
2023-08-23,66,68,69,74,17,17,17,17,18,92,92,92,93,39
2023-08-23,69,80,66,78,17,17,17,17,18,92,92,92,93,39
2023-08-23,74,65,72,74,17,17,17,17,18,92,92,92,93,40
2023-08-23,79,81,67,71,17,18,17,17,18,92,92,92,93,40
2023-08-23,76,77,80,69,17,17,17,17,18,92,92,92,93,39
2023-08-23,70,75,76,82,17,18,17,17,18,92,92,92,93,38
2023-08-23,73,67,81,67,17,17,17,17,18,92,92,92,93,37
2023-08-23,81,76,81,76,17,17,17,17,18,92,92,92,93,38
2023-08-23,76,79,75,68,17,17,17,17,18,92,92,92,93,24
2023-08-23,69,75,82,69,17,17,17,17,18,92,92,92,93,28
2023-08-23,72,80,79,69,17,18,17,17,18,92,92,92,93,24
2023-08-23,65,80,75,74,17,18,17,17,18,92,92,92,93,31
2023-08-23,69,77,81,65,17,17,17,17,18,92,92,92,93,31
2023-08-23,80,79,73,80,17,18,17,17,18,92,92,92,93,31
2023-08-23,82,70,68,73,17,17,17,17,18,92,92,92,93,23
2023-08-23,76,72,76,79,17,17,17,17,18,92,92,92,93,28
2023-08-23,69,75,70,67,17,17,17,17,18,92,92,92,93,28
2023-08-23,70,72,75,69,17,18,17,17,18,92,92,92,93,23
2023-08-23,74,77,81,75,17,18,17,17,18,92,92,92,93,36
2023-08-23,71,75,74,73,17,18,17,17,18,92,92,92,93,37
2023-08-23,71,69,75,74,17,18,17,17,18,92,92,92,93,35
2023-08-23,72,79,77,80,17,17,17,17,18,92,92,92,93,39
2023-08-23,67,73,79,66,17,17,17,17,18,92,92,92,93,39
